{
    "ret":1,					
    "apiver":9,					
    "name":"简易图灵聊天",		
    "version":"1.0.3",			
    "version_id":103,			
    "author":"Artificialheaven"
    "description":"单纯的图灵聊天，你每一次重启该应用都必须再次输入APPKEY",
    "event":[					
        {
            "id":1,							
            "type":21,					
            "name":"私聊消息处理",			
            "function":"_eventPrivateMsg",	
            "priority":50000				
        },
        {
            "id":2,
            "type":2,
            "name":"群消息处理",
            "function":"_eventGroupMsg",
            "priority":50000
        },
        {
            "id":3,
            "type":4,
            "name":"讨论组消息处理",
            "function":"_eventDiscussMsg",
            "priority":30000
        },
        {
            "id":4,
            "type":11,
            "name":"群文件上传事件处理",
            "function":"_eventGroupUpload",
            "priority":30000
        },
        {
            "id":5,
            "type":101,
            "name":"群管理变动事件处理",
            "function":"_eventSystem_GroupAdmin",
            "priority":20000
        },
        {
            "id":6,
            "type":102,
            "name":"群成员减少事件处理",
            "function":"_eventSystem_GroupMemberDecrease",
            "priority":20000
        },
        {
            "id":7,
            "type":103,
            "name":"群成员增加事件处理",
            "function":"_eventSystem_GroupMemberIncrease",
            "priority":20000
        },
       {
            "id":8,
            "type":104,
            "name":"群禁言事件处理",
            "function":"_eventSystem_GroupBan",
            "priority":20000
        },
         {
            "id":9,
            "type":302,
            "name":"群添加请求处理",
            "function":"_eventRequest_AddGroup",
            "priority":20000
        },
       {
            "id":10,
            "type":201,
            "name":"好友已添加事件处理",
            "function":"_eventFriend_Add",
            "priority":20000
        },
        {
            "id":1001,
            "type":1001,
            "name":"酷Q启动事件",
            "priority":30000,
            "function":"_eventStartup"
        },
        {
            "id":1002,
            "type":1002,
            "name":"酷Q关闭事件",
            "priority":30000,
            "function":"_eventExit"
        },
        {
            "id":1003,
            "type":1003,
            "name":"应用已被启用",
            "priority":30000,
            "function":"_eventEnable"
        },
        {
            "id":1004,
            "type":1004,
            "name":"应用将被停用",
            "priority":30000,
            "function":"_eventDisable"
        }
    ],
    "menu":[		
        {
            "name":"设置",			
            "function":"_menuA"		
        }
    ],
    "status":[		
		
    ],
    "auth":[      
        20, 
        30, 
        101,   
        103,  
        106,  
        110, 
        120,  
        121,  
        122,  
        123,   
        124,   
        125,   
        126,   
        127, 
        128,   
        130,   
        131,  
        132,   
        140,   
        150,   
        151,   
        160,   
        161,   
        162,   
        180    
    ]
}